{
  "0": [
    "#0e1d28",
    "#24b824"
  ],
  "1": [
    "#556875",
    "#24b86e"
  ],
  "2": [
    "#d0d8de",
    "#6eb824"
  ],
  "3": [
    "#a6b5c1",
    "#a6b5c1"
  ],
  "4": [
    "#d0d8de",
    "#d0d8de"
  ],
  "5": [
    "#283146",
    "#283146"
  ],
  "6": [
    "#3d4956",
    "#3d4956"
  ],
  "7": [
    "#718195",
    "#718195"
  ],
  "8": [
    "#030303",
    "#1F6AA5"
  ],
  "9": [
    "#718195",
    "#718195"
  ],
  "10": [
    "#c3cbd5",
    "#c3cbd5"
  ],
  "11": [
    "#c3cbd5",
    "#c3cbd5"
  ],
  "12": [
    "#c3cbd5",
    "#c3cbd5"
  ],
  "13": [
    "#c3cbd5",
    "#c3cbd5"
  ],
  "14": [
    "#c3cbd5",
    "#c3cbd5"
  ],
  "15": [
    "#5b6879",
    "#5b6879"
  ]
}