{
  "0": [
    "#0f314f",
    "#0f314f"
  ],
  "1": [
    "#002240",
    "#002240"
  ],
  "2": [
    "#403e00",
    "#403e00"
  ],
  "3": [
    "#c3cbd5",
    "#c3cbd5"
  ],
  "4": [
    "#FFEE80",
    "#FFEE80"
  ],
  "5": [
    "#0f314f",
    "#0f314f"
  ],
  "6": [
    "#a5bdc9",
    "#a5bdc9"
  ],
  "7": [
    "#284a68",
    "#284a68"
  ],
  "8": [
    "#086a97",
    "#086a97"
  ],
  "9": [
    "#1779a6",
    "#1779a6"
  ],
  "10": [
    "#1e405e",
    "#0a2c4a"
  ],
  "11": [
    "#0a2c4a",
    "#002240"
  ],
  "12": [
    "#FF9D00",
    "#FFEE80"
  ],
  "13": [
    "#c3cbd5",
    "#c3cbd5"
  ],
  "14": [
    "#b4ccd8",
    "#b4ccd8"
  ],
  "15": [
    "#7e8b9c",
    "#8390a1"
  ]
}