{
  "0": [
    "#000000",
    "#000000"
  ],
  "1": [
    "#9400D3",
    "#9400D3"
  ],
  "2": [
    "#4B0082",
    "#4B0082"
  ],
  "3": [
    "#0000FF",
    "#0000FF"
  ],
  "4": [
    "#000000",
    "#000000"
  ],
  "5": [
    "#9400D3",
    "#9400D3"
  ],
  "6": [
    "#4B0082",
    "#4B0082"
  ],
  "7": [
    "#0000FF",
    "#0000FF"
  ],
  "8": [
    "#00FF00",
    "#00FF00"
  ],
  "9": [
    "#FFF000",
    "#FFF000"
  ],
  "10": [
    "#FF7F00",
    "#FF7F00"
  ],
  "11": [
    "#FF0000",
    "#0000FF"
  ],
  "12": [
    "#000000",
    "#00FF00"
  ],
  "13": [
    "#9400D3",
    "#FFF000"
  ],
  "14": [
    "#4B0082",
    "#FF7F00"
  ],
  "15": [
    "#0000FF",
    "#FF0000"
  ]
}