{
  "0": [
    "#0e1d28",
    "#c6ced8"
  ],
  "1": [
    "#556875",
    "#d3dbe1"
  ],
  "2": [
    "#d0d8de",
    "#697b88"
  ],
  "3": [
    "#a6b5c1",
    "#a6b5c1"
  ],
  "4": [
    "#d0d8de",
    "#d0d8de"
  ],
  "5": [
    "#283146",
    "#283146"
  ],
  "6": [
    "#3d4956",
    "#3d4956"
  ],
  "7": [
    "#a9b8c4",
    "#a9b8c4"
  ],
  "8": [
    "#11202b",
    "#11202b"
  ],
  "9": [
    "#404c59",
    "#404c59"
  ],
  "10": [
    "#c6ced8",
    "#c6ced8"
  ],
  "11": [
    "#d3dbe1",
    "#d3dbe1"
  ],
  "12": [
    "#748498",
    "#748498"
  ],
  "13": [
    "#29333e",
    "#29333e"
  ],
  "14": [
    "#c3cbd5",
    "#c3cbd5"
  ],
  "15": [
    "#5b6879",
    "#5b6879"
  ]
}