{
  "0": [
    "#3c5064",
    "#3c5064"
  ],
  "1": [
    "#503c64",
    "#503c64"
  ],
  "2": [
    "#30373c",
    "#30373c"
  ],
  "3": [
    "#516471",
    "#516471"
  ],
  "4": [
    "#000000",
    "#000000"
  ],
  "5": [
    "#667885",
    "#667885"
  ],
  "6": [
    "#ccd4da",
    "#ccd4da"
  ],
  "7": [
    "#242d42",
    "#d9d9d9"
  ],
  "8": [
    "#64503c",
    "#64503c"
  ],
  "9": [
    "#50643c",
    "#50643c"
  ],
  "10": [
    "#070707",
    "#070707"
  ],
  "11": [
    "#c3cbd5",
    "#c3cbd5"
  ],
  "12": [
    "#d9d9d9",
    "#d9d9d9"
  ],
  "13": [
    "#d9d9d9",
    "#d9d9d9"
  ],
  "14": [
    "#d9d9d9",
    "#d9d9d9"
  ],
  "15": [
    "#d9d9d9",
    "#667885"
  ]
}