{
  "0": [
    "#a20a0a",
    "#a20a0a"
  ],
  "1": [
    "#185a8a",
    "#185a8a"
  ],
  "2": [
    "#00acac",
    "#00acac"
  ],
  "3": [
    "#f0e9b6",
    "#f0e9b6"
  ],
  "4": [
    "#181b28",
    "#181b28"
  ],
  "5": [
    "#f0e9b6",
    "#f0e9b6"
  ],
  "6": [
    "#000000",
    "#000000"
  ],
  "7": [
    "#d37612",
    "#d37612"
  ],
  "8": [
    "#a20a0a",
    "#a20a0a"
  ],
  "9": [
    "#e00000",
    "#e00000"
  ],
  "10": [
    "#121522",
    "#121522"
  ],
  "11": [
    "#171a27",
    "#171a27"
  ],
  "12": [
    "#FF0000",
    "#FF0000"
  ],
  "13": [
    "#FFF000",
    "#FFF000"
  ],
  "14": [
    "#f4f4ee",
    "#f4f4ee"
  ],
  "15": [
    "#c1d6f0",
    "#6c99b6"
  ]
}