{
  "0": [
    "#4e288b",
    "#4e288b"
  ],
  "1": [
    "#8b2865",
    "#8b2865"
  ],
  "2": [
    "#658b28",
    "#658b28"
  ],
  "3": [
    "#98eb4e",
    "#98eb4e"
  ],
  "4": [
    "#d0d8de",
    "#d0d8de"
  ],
  "5": [
    "#283146",
    "#283146"
  ],
  "6": [
    "#586b78",
    "#586b78"
  ],
  "7": [
    "#a9b8c4",
    "#a9b8c4"
  ],
  "8": [
    "#6c46a9",
    "#6c46a9"
  ],
  "9": [
    "#63003d",
    "#63003d"
  ],
  "10": [
    "#2a3342",
    "#2a3342"
  ],
  "11": [
    "#323b50",
    "#323b50"
  ],
  "12": [
    "#1b720f",
    "#1b720f"
  ],
  "13": [
    "#623c9f",
    "#623c9f"
  ],
  "14": [
    "#ffffff",
    "#ffffff"
  ],
  "15": [
    "#a9b8c4",
    "#a9b8c4"
  ]
}