{
  "0": [
    "#4e637b",
    "#4e637b"
  ],
  "1": [
    "#5fa1cc",
    "#5fa1cc"
  ],
  "2": [
    "#244461",
    "#5fa1cc"
  ],
  "3": [
    "#51667e",
    "#577584"
  ],
  "4": [
    "#415668",
    "#415668"
  ],
  "5": [
    "#ffffff",
    "#ffffff"
  ],
  "6": [
    "#5c7998",
    "#364b63"
  ],
  "7": [
    "#243542",
    "#243542"
  ],
  "8": [
    "#3b6260",
    "#3b6260"
  ],
  "9": [
    "#384d5f",
    "#384d5f"
  ],
  "10": [
    "#29404C",
    "#29404C"
  ],
  "11": [
    "#aebdcb",
    "#aebdcb"
  ],
  "12": [
    "#d9d9d9",
    "#d9d9d9"
  ],
  "13": [
    "#d9d9d9",
    "#d9d9d9"
  ],
  "14": [
    "#d9d9d9",
    "#d9d9d9"
  ],
  "15": [
    "#d9d9d9",
    "#d9d9d9"
  ]
}