{
  "0": [
    "#0e1d28",
    "#0e1d28"
  ],
  "1": [
    "#556875",
    "#556875"
  ],
  "2": [
    "#d0d8de",
    "#d0d8de"
  ],
  "3": [
    "#a6b5c1",
    "#a6b5c1"
  ],
  "4": [
    "#01e9c4",
    "#01e9c4"
  ],
  "5": [
    "#212435",
    "#212435"
  ],
  "6": [
    "#3d4956",
    "#3d4956"
  ],
  "7": [
    "#718195",
    "#718195"
  ],
  "8": [
    "#030303",
    "#030303"
  ],
  "9": [
    "#718195",
    "#718195"
  ],
  "10": [
    "#c3cbd5",
    "#c3cbd5"
  ],
  "11": [
    "#c3cbd5",
    "#c3cbd5"
  ],
  "12": [
    "#c3cbd5",
    "#c3cbd5"
  ],
  "13": [
    "#c3cbd5",
    "#c3cbd5"
  ],
  "14": [
    "#c3cbd5",
    "#cdc8ce"
  ],
  "15": [
    "#5b6879",
    "#5b6879"
  ]
}