{
  "0": [
    "#ffffff",
    "#ffffff"
  ],
  "1": [
    "#2e2829",
    "#2e2829"
  ],
  "2": [
    "#415156",
    "#415156"
  ],
  "3": [
    "#cccc60",
    "#cccc60"
  ],
  "4": [
    "#000000",
    "#000000"
  ],
  "5": [
    "#000000",
    "#000000"
  ],
  "6": [
    "#415156",
    "#415156"
  ],
  "7": [
    "#cccc60",
    "#b6ffff"
  ],
  "8": [
    "#3b2636",
    "#76f7f3"
  ],
  "9": [
    "#3b2b26",
    "#3b2b26"
  ],
  "10": [
    "#964665",
    "#964665"
  ],
  "11": [
    "#414343",
    "#414343"
  ],
  "12": [
    "#2e2829",
    "#2e2829"
  ],
  "13": [
    "#cccbc9",
    "#cccbc9"
  ],
  "14": [
    "#ffffff",
    "#ffffff"
  ],
  "15": [
    "#d9e0e0",
    "#d9e0e0"
  ]
}