{
   "001":{ "sql_apply_version":"2.0.0",
      "description": "Initialise theme author",
      "sql_statement": "insert into preferences (scope, preference_name, data_type, preference_value) values ('user_preference', 'theme_author', 'str', '%os_user_name%');" },

   "002":{ "sql_apply_version":"2.0.0",
      "description": "Control Panel theme",
      "sql_statement": "insert into preferences (scope, preference_name, data_type, preference_value) values ('user_preference', 'control_panel_theme', 'str', 'GreyGhost');" },

   "003":{ "sql_apply_version":"2.0.0",
      "description": "Control Panel appearance mode",
      "sql_statement": "insert into preferences (scope, preference_name, data_type, preference_value) values ('user_preference', 'control_panel_mode', 'str', 'Light');" },

   "004":{ "sql_apply_version":"2.0.0",
      "description": "User themes location",
      "sql_statement": "insert into preferences (scope, preference_name, data_type, preference_value) values ('user_preference', 'theme_json_dir', 'Path', '%user_themes_location%');" },

   "005":{ "sql_apply_version":"2.0.0",
      "description": "Tooltips preference",
      "sql_statement": "insert into preferences (scope, preference_name, data_type, preference_value) values ('user_preference', 'enable_tooltips', 'int', '1');" },

   "006":{ "sql_apply_version":"2.0.0",
      "description": "Palette labels preference",
      "sql_statement": "insert into preferences (scope, preference_name, data_type, preference_value) values ('user_preference', 'enable_palette_labels', 'int', '1');" },

   "007":{ "sql_apply_version":"2.0.0",
      "description": "Single click paste",
      "sql_statement": "insert into preferences (scope, preference_name, data_type, preference_value) values ('user_preference', 'enable_single_click_paste', 'int', '0');" },

   "008":{ "sql_apply_version":"2.0.0",
      "description": "Auto contrast differential",
      "sql_statement": "insert into preferences (scope, preference_name, data_type, preference_value) values ('user_preference', 'auto_contrast_differential', 'int', '3');" },

   "009":{ "sql_apply_version":"2.0.0",
      "description": "Harmony contrast differential",
      "sql_statement": "insert into preferences (scope, preference_name, data_type, preference_value) values ('user_preference', 'harmony_contrast_differential', 'int', '5');" },

   "010":{ "sql_apply_version":"2.0.0",
      "description": "Shade adjust differential",
      "sql_statement": "insert into preferences (scope, preference_name, data_type, preference_value) values ('user_preference', 'shade_adjust_differential', 'int', '5');" },

   "011":{ "sql_apply_version":"2.0.0",
      "description": "Render disabled",
      "sql_statement": "insert into preferences (scope, preference_name, data_type, preference_value) values ('auto_save', 'render_disabled', 'int', '0');" },

   "012":{ "sql_apply_version":"2.0.0",
      "description": "Control panel appearance mode",
      "sql_statement": "insert into preferences (scope, preference_name, data_type, preference_value) values ('auto_save', 'appearance_mode', 'str', 'Light Mode');" },

   "013":{ "sql_apply_version":"2.0.0",
      "description": "Remembered widget properties view",
      "sql_statement": "insert into preferences (scope, preference_name, data_type, preference_value) values ('auto_save', 'properties_view', 'str', 'Basic');" },

   "014":{ "sql_apply_version":"2.0.0",
      "description": "Remembered theme view",
      "sql_statement": "insert into preferences (scope, preference_name, data_type, preference_value) values ('auto_save', 'selected_theme', 'str', 'Green.json');" },

   "015":{ "sql_apply_version":"2.0.0",
      "description": "CTk compatability",
      "sql_statement": "insert into preferences (scope, preference_name, data_type, preference_value) values ('system', 'min_ctk_version', 'str', '5.1.3');" },
 
   "016":{ "sql_apply_version":"2.0.0",
      "description": "Control panel geometry",
      "sql_statement": "insert into preferences (scope, preference_name, data_type, preference_value) values ('window_geometry', 'control_panel', 'str', '960x900+10+30');" },

   "017":{ "sql_apply_version":"2.0.0",
      "description": "Widget Geometry dialog geometry",
      "sql_statement": "insert into preferences (scope, preference_name, data_type, preference_value) values ('window_geometry', 'widget_geometry', 'str', '800+10+10');" },

   "018":{ "sql_apply_version":"2.0.0",
      "description": "Colour harmonics panel geometry",
      "sql_statement": "insert into preferences (scope, preference_name, data_type, preference_value) values ('window_geometry', 'harmonics_panel', 'str', '650x540+10+10');" },

   "019":{ "sql_apply_version":"2.0.0",
      "description": "Preferences dialog geometry",
      "sql_statement": "insert into preferences (scope, preference_name, data_type, preference_value) values ('window_geometry', 'preferences_panel', 'str', '650x540+10+10');" },

   "020":{ "sql_apply_version":"2.0.0",
      "description": "Preview panel geometry",
      "sql_statement": "insert into preferences (scope, preference_name, data_type, preference_value) values ('window_geometry', 'preview_panel', 'str', '624x510+100+15');" },

   "020a":{ "sql_apply_version":"2.0.0",
      "description": "Preview panel geometry",
      "sql_statement": "insert into preferences (scope, preference_name, data_type, preference_value) values ('window_geometry', 'qa_application', 'str', '810x420+150+15');" },

   "021":{ "sql_apply_version":"2.0.0",
      "description": "Colour palette Scratch 1",
      "sql_statement": "insert into colour_palette_entries (entry_id, row, col, label) values (0, 0, 0, 'Scratch 1');"}, 

   "022":{ "sql_apply_version":"2.0.0",
      "description": "Colour palette Scratch 2",
      "sql_statement": "insert into colour_palette_entries (entry_id, row, col, label) values (1, 1, 0, 'Scratch 2');"}, 

   "023":{ "sql_apply_version":"2.0.0",
      "description": "Colour palette Scratch 3",
      "sql_statement": "insert into colour_palette_entries (entry_id, row, col, label) values (2, 0, 1, 'Scratch 3');"}, 

   "024":{ "sql_apply_version":"2.0.0",
      "description": "Colour palette Scratch 4",
      "sql_statement": "insert into colour_palette_entries (entry_id, row, col, label) values (3, 1, 1, 'Scratch 4');"}, 

   "025":{ "sql_apply_version":"2.0.0",
      "description": "Colour palette Scratch 5",
      "sql_statement": "insert into colour_palette_entries (entry_id, row, col, label) values (4, 0, 2, 'Scratch 5');"}, 

   "026":{ "sql_apply_version":"2.0.0",
      "description": "Colour palette Scratch 6",
      "sql_statement": "insert into colour_palette_entries (entry_id, row, col, label) values (5, 1, 2, 'Scratch 6');"}, 

   "027":{ "sql_apply_version":"2.0.0",
      "description": "Colour palette Borders",
      "sql_statement": "insert into colour_palette_entries (entry_id, row, col, label) values (6, 0, 3, 'Borders');"}, 

   "028":{ "sql_apply_version":"2.0.0",
      "description": "Colour palette Entry",
      "sql_statement": "insert into colour_palette_entries (entry_id, row, col, label) values (7, 1, 3, 'Entry');"}, 

   "029":{ "sql_apply_version":"2.0.0",
      "description": "Colour palette Button",
      "sql_statement": "insert into colour_palette_entries (entry_id, row, col, label) values (8, 0, 4, 'Button');"}, 

   "030":{ "sql_apply_version":"2.0.0",
      "description": "Colour palette Button Hover",
      "sql_statement": "insert into colour_palette_entries (entry_id, row, col, label) values (9, 1, 4, 'Button Hover');"}, 

   "031":{ "sql_apply_version":"2.0.0",
      "description": "Colour palette Frame (Top)",
      "sql_statement": "insert into colour_palette_entries (entry_id, row, col, label) values (10, 0, 5, 'Frame (Top)');"}, 

   "032":{ "sql_apply_version":"2.0.0",
      "description": "Colour palette Frame (Base)",
      "sql_statement": "insert into colour_palette_entries (entry_id, row, col, label) values (11, 1, 5, 'Frame (Base)');"}, 

   "033":{ "sql_apply_version":"2.0.0",
      "description": "Colour palette Progress",
      "sql_statement": "insert into colour_palette_entries (entry_id, row, col, label) values (12, 0, 6, 'Progress');"}, 

   "034":{ "sql_apply_version":"2.0.0",
      "description": "Colour palette Progress (fg)",
      "sql_statement": "insert into colour_palette_entries (entry_id, row, col, label) values (13, 1, 6, 'Progress (fg)');"}, 

   "035":{ "sql_apply_version":"2.0.0",
      "description": "Colour palette Text",
      "sql_statement": "insert into colour_palette_entries (entry_id, row, col, label) values (14, 0, 7, 'Text');"}, 

   "036":{ "sql_apply_version":"2.0.0",
      "description": "Colour palette Text Disabled",
      "sql_statement": "insert into colour_palette_entries (entry_id, row, col, label) values (15, 1, 7, 'Text Disabled');"}, 

   "037":{ "sql_apply_version":"2.3.0",
      "description": "Initialise cascade colours",
      "sql_statement": "delete from colour_cascade_properties;"}, 

   "038":{ "sql_apply_version":"2.3.0",
      "description": "Colour cascade CTkButton/border color",
      "sql_statement": "insert into colour_cascade_properties (entry_id, widget_type, widget_property) values (6, 'CTkButton', 'border_color');"}, 

   "039":{ "sql_apply_version":"2.3.0",
      "description": "Colour cascade CTkCheckBox/border color",
      "sql_statement": "insert into colour_cascade_properties (entry_id, widget_type, widget_property) values (6, 'CTkCheckBox', 'border_color');"}, 

   "040":{ "sql_apply_version":"2.3.0",
      "description": "Colour cascade Entry/border color",
      "sql_statement": "insert into colour_cascade_properties (entry_id, widget_type, widget_property) values (6, 'CTkEntry', 'border_color');"}, 

   "041":{ "sql_apply_version":"2.3.0",
      "description": "Colour cascade CTkFrame/border color",
      "sql_statement": "insert into colour_cascade_properties (entry_id, widget_type, widget_property) values (6, 'CTkFrame', 'border_color');"}, 

   "042":{ "sql_apply_version":"2.3.0",
      "description": "Colour cascade CTkRadioButton/border color",
      "sql_statement": "insert into colour_cascade_properties (entry_id, widget_type, widget_property) values (6, 'CTkRadioButton', 'border_color');"}, 

   "042a":{ "sql_apply_version":"2.3.0",
      "description": "Colour cascade CTkTextbox/border color",
      "sql_statement": "insert into colour_cascade_properties (entry_id, widget_type, widget_property) values (6, 'CTkTextbox', 'border_color');"}, 

   "043":{ "sql_apply_version":"2.3.0",
      "description": "Colour cascade CTkComboBox/border color",
      "sql_statement": "insert into colour_cascade_properties (entry_id, widget_type, widget_property) values (6, 'CTkComboBox', 'border_color');"}, 

   "043a":{ "sql_apply_version":"2.3.0",
      "description": "Colour cascade CTkProgressBar/border color",
      "sql_statement": "insert into colour_cascade_properties (entry_id, widget_type, widget_property) values (6, 'CTkProgressBar', 'border_color');"}, 

   "044":{ "sql_apply_version":"2.3.0",
      "description": "Colour cascade CTkEntry/fg color",
      "sql_statement": "insert into colour_cascade_properties (entry_id, widget_type, widget_property) values (7, 'CTkEntry', 'fg_color');"}, 

   "045":{ "sql_apply_version":"2.3.0",
      "description": "Colour cascade CTkTextbox/fg color",
      "sql_statement": "insert into colour_cascade_properties (entry_id, widget_type, widget_property) values (7, 'CTkTextbox', 'fg_color');"}, 

   "046":{ "sql_apply_version":"2.3.0",
      "description": "Colour cascade CTkComboBox/fg color",
      "sql_statement": "insert into colour_cascade_properties (entry_id, widget_type, widget_property) values (7, 'CTkComboBox', 'fg_color');"}, 

   "047":{ "sql_apply_version":"2.3.0",
      "description": "Colour cascade CTkButton/fg color",
      "sql_statement": "insert into colour_cascade_properties (entry_id, widget_type, widget_property) values (8, 'CTkButton', 'fg_color');"}, 


   "048":{ "sql_apply_version":"2.3.0",
      "description": "Colour cascade CTkSwitch/button color",
      "sql_statement": "insert into colour_cascade_properties (entry_id, widget_type, widget_property) values (8, 'CTkSwitch', 'button_color');"}, 

   "049":{ "sql_apply_version":"2.3.0",
      "description": "Colour cascade CTkSlider/button color",
      "sql_statement": "insert into colour_cascade_properties (entry_id, widget_type, widget_property) values (8, 'CTkSlider', 'button_color');"}, 

   "050":{ "sql_apply_version":"2.3.0",
      "description": "Colour cascade CTkOptionMenu/button color",
      "sql_statement": "insert into colour_cascade_properties (entry_id, widget_type, widget_property) values (8, 'CTkOptionMenu', 'button_color');"}, 

   "051":{ "sql_apply_version":"2.3.0",
      "description": "Colour cascade CTkScrollbar/button color",
      "sql_statement": "insert into colour_cascade_properties (entry_id, widget_type, widget_property) values (8, 'CTkScrollbar', 'button_color');"}, 

   "052":{ "sql_apply_version":"2.3.0",
      "description": "Colour cascade CTkComboBox/fg color",
      "sql_statement": "insert into colour_cascade_properties (entry_id, widget_type, widget_property) values (8, 'CTkComboBox', 'button_color');"}, 

   "052a":{ "sql_apply_version":"2.3.0",
      "description": "Colour cascade CTkRadioButton/selected button color",
      "sql_statement": "insert into colour_cascade_properties (entry_id, widget_type, widget_property) values (8, 'CTkRadioButton', 'fg_color');"}, 

   "052b":{ "sql_apply_version":"2.3.0",
      "description": "Colour cascade CTkSegmentedButton/selected button color",
      "sql_statement": "insert into colour_cascade_properties (entry_id, widget_type, widget_property) values (8, 'CTkSegmentedButton', 'selected_color');"}, 

   "053":{ "sql_apply_version":"2.3.0",
      "description": "Colour cascade CTkButton/hover color",
      "sql_statement": "insert into colour_cascade_properties (entry_id, widget_type, widget_property) values (9, 'CTkButton', 'hover_color');"}, 

   "054":{ "sql_apply_version":"2.3.0",
      "description": "Colour cascade CTkRadioButton/button_hover color",
      "sql_statement": "insert into colour_cascade_properties (entry_id, widget_type, widget_property) values (9, 'CTkRadioButton', 'hover_color');"}, 

   "054a":{ "sql_apply_version":"2.3.0",
      "description": "Colour cascade CTkSwitch/3utton_hover color",
      "sql_statement": "insert into colour_cascade_properties (entry_id, widget_type, widget_property) values (9, 'CTkSwitch', 'button_hover_color');"}, 

   "055":{ "sql_apply_version":"2.3.0",
      "description": "Colour cascade CTkSlider/button_hover color",
      "sql_statement": "insert into colour_cascade_properties (entry_id, widget_type, widget_property) values (9, 'CTkSlider', 'button_hover_color');"}, 

   "056":{ "sql_apply_version":"2.3.0",
      "description": "Colour cascade CTkOptionMenu/button_hover color",
      "sql_statement": "insert into colour_cascade_properties (entry_id, widget_type, widget_property) values (9, 'CTkOptionMenu', 'button_hover_color');"}, 

   "057":{ "sql_apply_version":"2.3.0",
      "description": "Colour cascade CTkComboBox/button_hover color",
      "sql_statement": "insert into colour_cascade_properties (entry_id, widget_type, widget_property) values (9, 'CTkComboBox', 'button_hover_color');"}, 

   "058":{ "sql_apply_version":"2.3.0",
      "description": "Colour cascade CTkScrollbar/button_hover color",
      "sql_statement": "insert into colour_cascade_properties (entry_id, widget_type, widget_property) values (9, 'CTkScrollbar', 'button_hover_color');"}, 

   "059a":{ "sql_apply_version":"2.3.0",
      "description": "Colour cascade CTkSegmentedButton/selected hover button color",
      "sql_statement": "insert into colour_cascade_properties (entry_id, widget_type, widget_property) values (9, 'CTkSegmentedButton', 'selected_hover_color');"}, 

   "059b":{ "sql_apply_version":"2.3.0",
      "description": "Colour cascade CTkSegmentedButton/unselected hover button color",
      "sql_statement": "insert into colour_cascade_properties (entry_id, widget_type, widget_property) values (9, 'CTkSegmentedButton', 'unselected_hover_color');"}, 


   "060":{ "sql_apply_version":"2.3.0",
      "description": "Colour cascade CTkFrame/top_fg color",
      "sql_statement": "insert into colour_cascade_properties (entry_id, widget_type, widget_property) values (10, 'CTkFrame', 'top_fg_color');"}, 

   "060a":{ "sql_apply_version":"2.3.0",
      "description": "Colour cascade CTkScrollableFrame/label fg color ",
      "sql_statement": "insert into colour_cascade_properties (entry_id, widget_type, widget_property) values (10, 'CTkScrollableFrame', 'label_fg_color');"}, 

   "061":{ "sql_apply_version":"2.3.0",
      "description": "Colour cascade CTkFrame/fg color",
      "sql_statement": "insert into colour_cascade_properties (entry_id, widget_type, widget_property) values (11, 'CTkFrame', 'fg_color');"}, 

   "062":{ "sql_apply_version":"2.3.0",
      "description": "Colour cascade CTkToplevel/fg color",
      "sql_statement": "insert into colour_cascade_properties (entry_id, widget_type, widget_property) values (11, 'CTkToplevel', 'fg_color');"}, 

   "063":{ "sql_apply_version":"2.3.0",
      "description": "Colour cascade CTk/fg color",
      "sql_statement": "insert into colour_cascade_properties (entry_id, widget_type, widget_property) values (11, 'CTk', 'fg_color');"}, 

   "066":{ "sql_apply_version":"2.3.0",
      "description": "Colour cascade CTkSwitch/progress color",
      "sql_statement": "insert into colour_cascade_properties (entry_id, widget_type, widget_property) values (12, 'CTkProgressBar', 'progress_color');"}, 

   "067":{ "sql_apply_version":"2.3.0",
      "description": "Colour cascade CTkProgressBar/progress color",
      "sql_statement": "insert into colour_cascade_properties (entry_id, widget_type, widget_property) values (12, 'CTkSwitch', 'progress_color');"}, 

   "068":{ "sql_apply_version":"2.3.0",
      "description": "Colour cascade CTkSlider/progress color",
      "sql_statement": "insert into colour_cascade_properties (entry_id, widget_type, widget_property) values (14, 'CTkSlider', 'progress_color');"}, 

   "069":{ "sql_apply_version":"2.3.0",
      "description": "Colour cascade CTkSwitch/fg color",
      "sql_statement": "insert into colour_cascade_properties (entry_id, widget_type, widget_property) values (13, 'CTkProgressBar', 'fg_color');"}, 

   "070":{ "sql_apply_version":"2.3.0",
      "description": "Colour cascade CTkProgressBar/fg color",
      "sql_statement": "insert into colour_cascade_properties (entry_id, widget_type, widget_property) values (13, 'CTkSwitch', 'fg_color');"}, 

   "071":{ "sql_apply_version":"2.3.0",
      "description": "Colour cascade CTkSlider/fg color",
      "sql_statement": "insert into colour_cascade_properties (entry_id, widget_type, widget_property) values (13, 'CTkSlider', 'fg_color');"}, 

   "072":{ "sql_apply_version":"2.3.0",
      "description": "Colour cascade CTkButton/text color",
      "sql_statement": "insert into colour_cascade_properties (entry_id, widget_type, widget_property) values (14, 'CTkButton', 'text_color');"}, 

   "073":{ "sql_apply_version":"2.3.0",
      "description": "Colour cascade CTkLabel/text color",
      "sql_statement": "insert into colour_cascade_properties (entry_id, widget_type, widget_property) values (14, 'CTkLabel', 'text_color');"}, 

   "074":{ "sql_apply_version":"2.3.0",
      "description": "Colour cascade CTkEntry/text color",
      "sql_statement": "insert into colour_cascade_properties (entry_id, widget_type, widget_property) values (14, 'CTkEntry', 'text_color');"}, 

   "075":{ "sql_apply_version":"2.3.0",
      "description": "Colour cascade CTkSwitch/text color",
      "sql_statement": "insert into colour_cascade_properties (entry_id, widget_type, widget_property) values (14, 'CTkSwitch', 'text_color');"}, 

   "076":{ "sql_apply_version":"2.3.0",
      "description": "Colour cascade CTkOptionMenu/text color",
      "sql_statement": "insert into colour_cascade_properties (entry_id, widget_type, widget_property) values (14, 'CTkOptionMenu', 'text_color');"}, 

   "077":{ "sql_apply_version":"2.3.0",
      "description": "Colour cascade CTkComboBox/text color",
      "sql_statement": "insert into colour_cascade_properties (entry_id, widget_type, widget_property) values (14, 'CTkComboBox', 'text_color');"}, 

   "078":{ "sql_apply_version":"2.3.0",
      "description": "Colour cascade CTkSegmentedButton/text color",
      "sql_statement": "insert into colour_cascade_properties (entry_id, widget_type, widget_property) values (14, 'CTkSegmentedButton', 'text_color');"}, 

   "079":{ "sql_apply_version":"2.3.0",
      "description": "Colour cascade CTkTextbox/text color",
      "sql_statement": "insert into colour_cascade_properties (entry_id, widget_type, widget_property) values (14, 'CTkTextbox', 'text_color');"}, 

   "081":{ "sql_apply_version":"2.3.0",
      "description": "Colour cascade CTkButton/text_color_disabled",
      "sql_statement": "insert into colour_cascade_properties (entry_id, widget_type, widget_property) values (15, 'CTkButton', 'text_color_disabled');"}, 

   "081a":{ "sql_apply_version":"2.3.0",
      "description": "Colour cascade CTkCheckBox/text color",
      "sql_statement": "insert into colour_cascade_properties (entry_id, widget_type, widget_property) values (14, 'CTkCheckBox', 'text_color');"}, 

   "082":{ "sql_apply_version":"2.3.0",
      "description": "Colour cascade CTkRadioButton/text color",
      "sql_statement": "insert into colour_cascade_properties (entry_id, widget_type, widget_property) values (14, 'CTkRadioButton', 'text_color');"}, 

   "083":{ "sql_apply_version":"2.3.0",
      "description": "Colour cascade CTkSwitch/text color disabled",
      "sql_statement": "insert into colour_cascade_properties (entry_id, widget_type, widget_property) values (15, 'CTkSwitch', 'text_color_disabled');"}, 

   "084":{ "sql_apply_version":"2.3.0",
      "description": "Colour cascade CTkOptionMenu/text color disabled",
      "sql_statement": "insert into colour_cascade_properties (entry_id, widget_type, widget_property) values (15, 'CTkOptionMenu', 'text_color_disabled');"}, 

   "085":{ "sql_apply_version":"2.3.0",
      "description": "Colour cascade CTkComboBox/text color disabled",
      "sql_statement": "insert into colour_cascade_properties (entry_id, widget_type, widget_property) values (15, 'CTkComboBox', 'text_color_disabled');"}, 

   "086":{ "sql_apply_version":"2.3.0",
      "description": "Colour cascade CTkSegmentedButton/text color disabled",
      "sql_statement": "insert into colour_cascade_properties (entry_id, widget_type, widget_property) values (15, 'CTkSegmentedButton', 'text_color_disabled');"}, 

   "090":{ "sql_apply_version":"2.3.0",
      "description": "Colour cascade CTkCheckBox/text color disabled",
      "sql_statement": "insert into colour_cascade_properties (entry_id, widget_type, widget_property) values (15, 'CTkCheckBox', 'text_color_disabled');"}, 

   "091":{ "sql_apply_version":"2.3.0",
      "description": "Colour cascade CTkRadioButton/text color disabled",
      "sql_statement": "insert into colour_cascade_properties (entry_id, widget_type, widget_property) values (15, 'CTkRadioButton', 'text_color_disabled');"},

   "100":{ "sql_apply_version":"2.3.0",
      "description": "Scaling Clean-up",
      "sql_statement": "delete from preferences where scope = 'scaling';"},

   "110":{ "sql_apply_version":"2.3.0",
      "description": "Control Panel scaling",
      "sql_statement": "insert into preferences (scope, preference_name, data_type, preference_value) values ('scaling', 'control_panel', 'str', '90%');"},

   "111":{ "sql_apply_version":"2.3.0",
      "description": "Preview Panel scaling",
      "sql_statement": "insert into preferences (scope, preference_name, data_type, preference_value) values ('scaling', 'preview_panel', 'str', '80%');" },

   "112":{ "sql_apply_version":"2.3.0",
      "description": "Preview Panel scaling",
      "sql_statement": "insert into preferences (scope, preference_name, data_type, preference_value) values ('scaling', 'qa_application', 'str', '80%');" },


   "120":{ "sql_apply_version":"2.3.0",
      "description": "Confirm cascade",
      "sql_statement": "insert into preferences (scope, preference_name, data_type, preference_value) values ('user_preference', 'confirm_cascade', 'int', '1');" },

   "121":{ "sql_apply_version":"2.3.0",
      "description": "Reset last theme on start",
      "sql_statement": "delete from preferences where scope = 'user_preference' and preference_name = 'last_theme_on_start';"},

   "122":{ "sql_apply_version":"2.3.0",
      "description": "Initialise last theme on start",
      "sql_statement": "insert into preferences (scope, preference_name, data_type, preference_value) values ('user_preference', 'last_theme_on_start', 'int', '1');"},


   "123":{ "sql_apply_version":"2.3.0",
      "description": "Initialise listener port",
      "sql_statement": "insert into preferences (scope, preference_name, data_type, preference_value) values ('user_preference', 'listener_port', 'int', '5051');"},

   "130":{ "sql_apply_version":"2.5.0",
      "description": "Logger level",
      "sql_statement": "insert into preferences (scope, preference_name, data_type, preference_value) values ('logger', 'log_level', 'str', 'Info');"},

   "131":{ "sql_apply_version":"2.5.0",
      "description": "Logger level",
      "sql_statement": "insert into preferences (scope, preference_name, data_type, preference_value) values ('logger', 'log_stamping', 'str', 'Yes');"},

   "132":{ "sql_apply_version":"2.5.0",
      "description": "Logger level",
      "sql_statement": "insert into preferences (scope, preference_name, data_type, preference_value) values ('logger', 'log_stderr', 'str', 'No');"}
}
