{
  "CTk": {
    "fg_color": [
      "#bcc0c3",
      "#bcc0c3"
    ]
  },
  "CTkToplevel": {
    "fg_color": [
      "#bcc0c3",
      "#bcc0c3"
    ]
  },
  "CTkFrame": {
    "corner_radius": 6,
    "border_width": 1,
    "fg_color": [
      "#dbdee0",
      "#dbdee0"
    ],
    "top_fg_color": [
      "#bcc0c3",
      "#bcc0c3"
    ],
    "border_color": [
      "#2f3745",
      "#2f3745"
    ]
  },
  "CTkButton": {
    "corner_radius": 6,
    "border_width": 0,
    "fg_color": [
      "#536377",
      "#536377"
    ],
    "hover_color": [
      "#627286",
      "#404c59"
    ],
    "border_color": [
      "#2f3745",
      "#2f3745"
    ],
    "text_color": [
      "#0e1d28",
      "#0e1d28"
    ],
    "text_color_disabled": [
      "#515e6f",
      "#515e6f"
    ]
  },
  "CTkLabel": {
    "corner_radius": 0,
    "fg_color": "transparent",
    "text_color": [
      "#0e1d28",
      "#0e1d28"
    ],
    "text_color_disabled": [
      "#515e6f",
      "#515e6f"
    ]
  },
  "CTkEntry": {
    "corner_radius": 6,
    "border_width": 2,
    "fg_color": [
      "#a9b8c4",
      "#a9b8c4"
    ],
    "border_color": [
      "#2f3745",
      "#2f3745"
    ],
    "text_color": [
      "#0e1d28",
      "#0e1d28"
    ],
    "placeholder_text_color": [
      "#464e56",
      "#464e56"
    ]
  },
  "CTkCheckBox": {
    "corner_radius": 6,
    "border_width": 3,
    "fg_color": [
      "#748498",
      "#748498"
    ],
    "border_color": [
      "#2f3745",
      "#2f3745"
    ],
    "hover_color": [
      "#697b88",
      "#697b88"
    ],
    "checkmark_color": [
      "#ffffff",
      "#ffffff"
    ],
    "text_color": [
      "#0e1d28",
      "#0e1d28"
    ],
    "text_color_disabled": [
      "#515e6f",
      "#515e6f"
    ]
  },
  "CTkSwitch": {
    "corner_radius": 1000,
    "border_width": 3,
    "button_length": 0,
    "progress_color": [
      "#748498",
      "#748498"
    ],
    "button_color": [
      "#536377",
      "#536377"
    ],
    "fg_color": [
      "#29333e",
      "#29333e"
    ],
    "button_hover_color": [
      "#627286",
      "#343f4a"
    ],
    "text_color": [
      "#0e1d28",
      "#0e1d28"
    ],
    "text_color_disabled": [
      "#515e6f",
      "#515e6f"
    ]
  },
  "CTkRadioButton": {
    "corner_radius": 1000,
    "border_width_checked": 6,
    "border_width_unchecked": 3,
    "fg_color": [
      "#536377",
      "#536377"
    ],
    "border_color": [
      "#2f3745",
      "#2f3745"
    ],
    "hover_color": [
      "#627286",
      "#5c6b78"
    ],
    "text_color": [
      "#0e1d28",
      "#0e1d28"
    ],
    "text_color_disabled": [
      "#515e6f",
      "#515e6f"
    ]
  },
  "CTkProgressBar": {
    "corner_radius": 1000,
    "border_width": 0,
    "fg_color": [
      "#29333e",
      "#29333e"
    ],
    "progress_color": [
      "#748498",
      "#748498"
    ],
    "border_color": [
      "#3e4654",
      "#3e4654"
    ]
  },
  "CTkSlider": {
    "corner_radius": 1000,
    "button_corner_radius": 1000,
    "border_width": 6,
    "button_length": 0,
    "fg_color": [
      "#29333e",
      "#29333e"
    ],
    "progress_color": [
      "#0e1d28",
      "#0e1d28"
    ],
    "button_color": [
      "#536377",
      "#536377"
    ],
    "button_hover_color": [
      "#627286",
      "#5c6b78"
    ]
  },
  "CTkOptionMenu": {
    "corner_radius": 6,
    "fg_color": [
      "#748498",
      "#748498"
    ],
    "button_color": [
      "#4e5e72",
      "#4e5e72"
    ],
    "button_hover_color": [
      "#627286",
      "#5d6d81"
    ],
    "text_color": [
      "#0e1d28",
      "#0e1d28"
    ],
    "text_color_disabled": [
      "#515e6f",
      "#515e6f"
    ]
  },
  "CTkComboBox": {
    "corner_radius": 6,
    "border_width": 2,
    "fg_color": [
      "#a9b8c4",
      "#a9b8c4"
    ],
    "border_color": [
      "#2f3745",
      "#2f3745"
    ],
    "button_color": [
      "#67778b",
      "#536377"
    ],
    "button_hover_color": [
      "#627286",
      "#5c636c"
    ],
    "text_color": [
      "#0e1d28",
      "#0e1d28"
    ],
    "text_color_disabled": [
      "#515e6f",
      "#515e6f"
    ]
  },
  "CTkScrollbar": {
    "corner_radius": 1000,
    "border_spacing": 4,
    "fg_color": "transparent",
    "button_color": [
      "#536377",
      "#536377"
    ],
    "button_hover_color": [
      "#1c1e18",
      "#1c1e18"
    ]
  },
  "CTkSegmentedButton": {
    "corner_radius": 6,
    "border_width": 2,
    "fg_color": [
      "#748498",
      "#748498"
    ],
    "selected_color": [
      "#536377",
      "#536377"
    ],
    "selected_hover_color": [
      "#627286",
      "#c6ced8"
    ],
    "unselected_color": [
      "#697b88",
      "#697b88"
    ],
    "unselected_hover_color": [
      "#627286",
      "#586b78"
    ],
    "text_color": [
      "#0e1d28",
      "#0e1d28"
    ],
    "text_color_disabled": [
      "#515e6f",
      "#515e6f"
    ]
  },
  "CTkTextbox": {
    "corner_radius": 6,
    "border_width": 1,
    "fg_color": [
      "#a9b8c4",
      "#a9b8c4"
    ],
    "border_color": [
      "#2f3745",
      "#2f3745"
    ],
    "text_color": [
      "#0e1d28",
      "#0e1d28"
    ],
    "scrollbar_button_color": [
      "#4e5c6e",
      "#4e5c6e"
    ],
    "scrollbar_button_hover_color": [
      "#1c1e18",
      "#1c1e18"
    ]
  },
  "CTkScrollableFrame": {
    "label_fg_color": [
      "#d3dbe1",
      "#d3dbe1"
    ]
  },
  "DropdownMenu": {
    "fg_color": [
      "#748498",
      "#748498"
    ],
    "hover_color": [
      "#d3dbe1",
      "#d3dbe1"
    ],
    "text_color": [
      "#000000",
      "#000000"
    ]
  },
  "CTkFont": {
    "macOS": {
      "family": "SF Display",
      "size": 13,
      "weight": "normal"
    },
    "Windows": {
      "family": "Roboto",
      "size": 13,
      "weight": "normal"
    },
    "Linux": {
      "family": "Roboto",
      "size": 13,
      "weight": "normal"
    }
  },
  "provenance": {
    "theme name": "Defaulted Theme",
    "theme author": "clive",
    "date created": "Jul 08 2023 17:29:15",
    "last modified by": "clive",
    "created with": "CTk Theme Builder v2.3.0",
    "last modified": "Jul 09 2023 11:14:41",
    "keystone colour": "#3c5064",
    "harmony method": "Split-complementary",
    "harmony differential": null
  }
}
